Top queries,Clicks,Impressions,CTR,Position
casa e bottega manfredonia,5,56,8.93%,2.77
airbnb manfredonia,1,98,1.02%,7.46
cosa vedere nel gargano in 7 giorni,1,27,3.7%,10.96
da ia zi,1,1,100%,1
vacanze manfredonia,0,88,0%,10.05
casa e bottega,0,77,0%,13.32
manfredonia,0,59,0%,36.2
manfredonia vieste distanza,0,42,0%,10.02
b&b manfredonia,0,29,0%,12.48
bungalow manfredonia,0,29,0%,15.72
traghetto manfredonia tremiti,0,16,0%,15.19
manfredonia beaches,0,13,0%,10.46
itinerario gargano 7 giorni,0,12,0%,7.42
gargano easy to reach 2026,0,12,0%,7.83
manfredonia isole tremiti,0,12,0%,12.08
casa bottega,0,12,0%,16.42
gargano easy to reach,0,11,0%,8.82
case,0,11,0%,10.73
siponto basilica,0,10,0%,14
mattinata paese,0,10,0%,15.1
distanza da manfredonia a vieste,0,9,0%,6.78
vieste manfredonia distanza,0,9,0%,10
traghetto manfredonia isole tremiti,0,9,0%,15.11
manfredonia tremiti,0,9,0%,15.33
prezzi manfredonia tremiti,0,9,0%,18.22
casa vacanze,0,8,0%,4.88
things to do in manfredonia,0,8,0%,12
mattinata dove si trova,0,8,0%,16.75
distanza vieste manfredonia,0,7,0%,10.86
basilica di siponto,0,7,0%,13.57
costo manfredonia tremiti,0,7,0%,18.29
biglietti manfredonia tremiti,0,7,0%,28.43
qual è la differenza tra arrivare a san domino o a san nicola?,0,7,0%,28.71
ristorante gargano,0,7,0%,67.57
prodotti tipici manfredonia,0,6,0%,7.33
airbnb vicino a me,0,6,0%,10.5
monolocale,0,6,0%,11.67
manfredonia beach,0,6,0%,14
traghetti manfredonia isole tremiti,0,6,0%,15.83
spiagge più belle manfredonia,0,6,0%,17
mattinata centro storico,0,6,0%,23
distanza tra manfredonia e vieste,0,5,0%,9
manfredonia cosa fare la sera,0,5,0%,9.2
is manfredonia worth visiting,0,5,0%,9.6
da manfredonia a vieste,0,5,0%,10.2
mattinata lungomare,0,5,0%,11.2
manfredonia spiagge più belle,0,5,0%,13.6
ristoranti gargano,0,5,0%,54
mattinata italia,0,5,0%,55.4
b&b la bottega,0,5,0%,56
mattinata paese sera,0,4,0%,7.75
mattinata puglia,0,4,0%,10.25
cosa mangiare a manfredonia,0,4,0%,11
fischmarkt vieste,0,4,0%,11.25
edoardo tresoldi siponto,0,4,0%,13.25
isole tremiti da manfredonia,0,4,0%,16.5
nella manfredonia,0,4,0%,22.75
spiaggia libera vieste,0,4,0%,31.25
mattinata gargano,0,4,0%,32.25
la maison manfredonia,0,4,0%,35.75
manfredonia cosa vedere,0,4,0%,38.25
hotels b&b verkauf foggia,0,4,0%,44.75
manfredonia centro storico,0,4,0%,54.75
ristoranti tipici gargano,0,4,0%,55.75
bed & breakfast gargano,0,4,0%,61.25
la botega,0,3,0%,5.33
casa e bottega foto,0,3,0%,5.67
casa,0,3,0%,8.33
centro storico mattinata paese,0,3,0%,13.67
gargano beaches,0,3,0%,15
manfredonia vacanze,0,3,0%,16
casa & bottega,0,3,0%,19.33
cosa vedere a manfredonia,0,3,0%,24
casa di puglia,0,3,0%,26
siponto,0,3,0%,31.33
mattinata centro,0,3,0%,37
spiagge manfredonia,0,3,0%,38.33
gargano,0,3,0%,40.67
manfredonia altstadt,0,3,0%,42.67
mattinata italy,0,3,0%,58
b&b gargano,0,3,0%,58.67
bed breakfast gargano sul mare,0,3,0%,60
ristoranti nel gargano,0,3,0%,63.33
casa galleggiante manfredonia,0,3,0%,66.33
gargano strände,0,3,0%,66.67
casa vacanza manfredonia,0,2,0%,1.5
tempo vieste,0,2,0%,5
ferrovie gargano,0,2,0%,6
gargano restaurant,0,2,0%,8
gastronomia vicino a me,0,2,0%,8
basilica siponto,0,2,0%,9
case vacanze,0,2,0%,10
casa manfredonia,0,2,0%,10.5
distanza manfredonia vieste,0,2,0%,10.5
manfredonia locali,0,2,0%,10.5
restaurant gargano,0,2,0%,10.5
centro storico mattinata,0,2,0%,11.5
vacanze,0,2,0%,12
una settimana nel gargano,0,2,0%,14
gargano mare,0,2,0%,14.5
bed and breakfast manfredonia,0,2,0%,15.5
vacanze a manfredonia,0,2,0%,15.5
gargano beach,0,2,0%,16
cosa fare a manfredonia,0,2,0%,17.5
mare gargano,0,2,0%,23
monte sant angelo cosa vedere,0,2,0%,29.5
castello di monte sant angelo,0,2,0%,31
castello di monte sant'angelo,0,2,0%,32.5
monte sant'angelo cosa vedere,0,2,0%,32.5
vieste beaches,0,2,0%,36.5
spiagge di manfredonia,0,2,0%,37.5
cose da fare a manfredonia,0,2,0%,38
gite di un giorno da manfredonia,0,2,0%,40
appartamenti a manfredonia,0,2,0%,41
b&b zapponeta,0,2,0%,41.5
spiagge libere a vieste,0,2,0%,41.5
manfredonia spiagge,0,2,0%,42
manfredonia centro,0,2,0%,42.5
manfredonia italy,0,2,0%,47
località poscargano,0,2,0%,47.5
gargano paesi,0,2,0%,52
cosa vedere manfredonia,0,2,0%,56.5
gargano ristoranti,0,2,0%,57
b&b gargano vicino al mare,0,2,0%,58
la dolce vista manfredonia,0,2,0%,65.5
santa maria di siponto,0,2,0%,69.5
mattinata cosa vedere,0,2,0%,74
borghi del gargano,0,2,0%,94.5
biglietti per basilica santuario di san michele arcangelo,0,1,0%,1
appartamento manfredonia,0,1,0%,2
case vacanze manfredonia,0,1,0%,2
guest house,0,1,0%,2
ss 89,0,1,0%,2
casa elegante,0,1,0%,3
manfredonia puglia,0,1,0%,3
puglia gargano cosa vedere,0,1,0%,3
vacanza nel gargano,0,1,0%,3
lo jalant,0,1,0%,4
meteo a manfredonia,0,1,0%,4
fotos,0,1,0%,5
gargano coast sea stacks,0,1,0%,5
la bottega della casa,0,1,0%,5
manfredonia ippocampo,0,1,0%,5
no domenica,0,1,0%,5
cala rosa gargano,0,1,0%,6
casa et bottega,0,1,0%,6
gargano coast sea caves,0,1,0%,6
la bottega,0,1,0%,6
manfredonia case vacanze,0,1,0%,6
ristoranti a manfredonia,0,1,0%,6
b&b manfredonia economici,0,1,0%,7
casa siponto,0,1,0%,7
case vacanza manfredonia,0,1,0%,7
casaebottega,0,1,0%,8
acqua di cristo manfredonia,0,1,0%,9
gargano hidden beach,0,1,0%,9
manfredonia acqua di cristo,0,1,0%,9
b&b manfredonia centro,0,1,0%,10
distanza manfredonia monte sant'angelo,0,1,0%,10
manfredonia di sera,0,1,0%,10
rosticceria nelle vicinanze,0,1,0%,10
cassa e bottega,0,1,0%,11
gargano white cliffs beach,0,1,0%,11
manfredonia mattinata distanza,0,1,0%,11
manfredonia monte sant'angelo distanza,0,1,0%,11
manfredonia plaże,0,1,0%,11
mattinata manfredonia distanza,0,1,0%,11
cosa fare,0,1,0%,12
dove si trova mattinata,0,1,0%,12
a manfredonia,0,1,0%,13
chiancamasitto,0,1,0%,13
cosa care,0,1,0%,13
distanza mattinata manfredonia,0,1,0%,13
et chiama casa,0,1,0%,13
traghetti manfredonia tremiti,0,1,0%,13
case vaca,0,1,0%,14
gargano manfredonia,0,1,0%,14
mattinata gargano puglia,0,1,0%,14
porto greco spiaggia,0,1,0%,14
spiagge golfo di manfredonia,0,1,0%,15
paesi vicino mattinata,0,1,0%,18
body art manfredonia,0,1,0%,19
ferienwohnung manfredonia,0,1,0%,19
mattinata meaning,0,1,0%,19
gargano b&b,0,1,0%,20
locali manfredonia,0,1,0%,23
basilica paleocristiana di siponto,0,1,0%,24
cosa vedere a monte sant'angelo,0,1,0%,24
siponto puglia,0,1,0%,24
manfredonia sehenswürdigkeiten,0,1,0%,25
monte sant angelo castello,0,1,0%,25
nella mattinata,0,1,0%,27
spiagge libere manfredonia,0,1,0%,28
mattinata mare,0,1,0%,29
mattinata beach,0,1,0%,30
mattinata città,0,1,0%,30
vieste gargano,0,1,0%,30
gargano monte sant'angelo,0,1,0%,31
monte gargano,0,1,0%,31
mattinata,0,1,0%,32
gargano spiagge libere,0,1,0%,33
lidi gargano,0,1,0%,34
pizzeria gargano,0,1,0%,34
cosa vedere a mattinata centro storico,0,1,0%,35
spiagge libere gargano,0,1,0%,35
mattinata sul gargano,0,1,0%,36
mare puglia gargano,0,1,0%,39
mattinata da vedere,0,1,0%,40
casa e bottega monopoli,0,1,0%,42
cosa fare a mattinata,0,1,0%,44
calette gargano,0,1,0%,45
gargano come arrivare,0,1,0%,45
una mattinata,0,1,0%,47
pescherie manfredonia,0,1,0%,50
gargano bed and breakfast,0,1,0%,51
baie del gargano,0,1,0%,52
com'è il mare a manfredonia,0,1,0%,52
vieste italy beaches,0,1,0%,53
b&b la maison del borgo gargano,0,1,0%,54
centro storico manfredonia,0,1,0%,55
mattinata fg,0,1,0%,56
b&b gargano puglia,0,1,0%,59
b&b la dolce vista manfredonia,0,1,0%,61
strände gargano,0,1,0%,69
b&b economici manfredonia,0,1,0%,72
dove mangiare sul gargano,0,1,0%,76
cosa vedere a mattinata,0,1,0%,81
sul gargano,0,1,0%,93
manfredoni,0,1,0%,95